[
    {
      "name" : "Super Green Powder",
      "price" : 7.41,
      "image" : "./img/item1.jpg",
      "type" : "Anytizer"
    },
    {
      "name" : "Daily Protein Shake",
      "price" : 2.75,
      "image" : "./img/item2.png",
      "type" : "Anytizer"
    },
    {
      "name" : "High Protein Granola Cereal",
      "price" : 4.65,
      "image" : "./img/item3.jpg",
      "type" : "Anytizer"
    },
    {
      "name" : "Premiun Handmade Granola",
      "price" : 0.99,
      "image" : "./img/item4.jpg",
      "type" : "Anytizer"
    },
    {
      "name" : "Premium Handmade Granola Bar",
      "price" : 2.56,
      "image" : "./img/item5.jpg",
      "type" : "Anytizer"
    },
    {
      "name" : "All day Green Water",
      "price" : 1.66,
      "image" : "./img/item6.jpg",
      "type" : "Energizer"
    },
    {
      "name" : "Bounce First Kit Booster",
      "price" : 3.99,
      "image" : "./img/item7.png",
      "type" : "Energizer"
    },
    {
      "name" : "Royal Jelly Based Liquid",
      "price" : 2.47,
      "image" : "./img/item8.jpg",
      "type" : "Energizer"
    },
    {
      "name" : "Pago de Penarrubia Organic Extra Virgin",
      "price" : 2.37,
      "image" : "./img/item9.png",
      "type" : "Daily Ingredients"
    },
    {
      "name" : "Flor De Sal d'es Trenc Natural",
      "price" : 3.13,
      "image" : "./img/item10.png",
      "type" : "Daily Ingredients"
    },
    {
      "name" : "Oatly Oat Drink 250mL",
      "price" : 3.20,
      "image" : "./img/item11.png",
      "type" : "Daily Ingredients"
    },
    {
      "name" : "Oatly Oat Drink 1L",
      "price" : 1.49,
      "image" : "./img/item12.png",
      "type" : "Daily Ingredients"
    },
    {
      "name" : "Sproud 1L 4Types",
      "price" : 1.49,
      "image" : "./img/item13.jpg",
      "type" : "Daily Ingredients"
    },
    {
      "name" : "Bamboo Charcoal Purifying Pads",
      "price" : 3.40,
      "image" : "./img/item14.png",
      "type" : "Cosmetics"
    },
    {
      "name" : "Green Tea Enzyme Cleanser",
      "price" : 4.27,
      "image" : "./img/item15.jpg",
      "type" : "Cosmetics"
    },
    {
      "name" : "Inbody Scale",
      "price" : 2.37,
      "image" : "./img/item16.jpg",
      "type" : "Merchandise"
    },
    {
      "name" : "NEW Bikini Blend Jar",
      "price" : 0.94,
      "image" : "./img/item17.jpg",
      "type" : "Merchandise"
    },
    {
      "name" : "MY GYM Bottle",
      "price" : 0.85,
      "image" : "./img/item18.jpg",
      "type" : "Merchandise"
    },
    {
      "name" : "Bounce First Kit Pouch",
      "price" : 0.57,
      "image" : "./img/item19.jpg",
      "type" : "Merchandise"
    },
    {
      "name" : "My Beautiful Bag",
      "price" : 2.09,
      "image" : "./img/item20.jpg",
      "type" : "Merchandise"
    },
    {
      "name" : "Positive Hotel Carrier Bag",
      "price" : 0.14,
      "image" : "./img/item21.png",
      "type" : "Merchandise"
    }

  ]